source,target,edge_type,weight
0,1,similarity,1.0
0,2,similarity,1.0
0,3,similarity,1.0
0,75,similarity,1.0
0,76,similarity,1.0
1,0,similarity,1.0
1,2,similarity,1.0
1,112,similarity,1.0
1,113,similarity,1.0
2,0,similarity,1.0
2,1,similarity,1.0
2,3,similarity,1.0
2,76,similarity,1.0
2,84,similarity,1.0
2,112,similarity,1.0
2,113,similarity,1.0
3,0,similarity,1.0
3,2,similarity,1.0
3,75,similarity,1.0
3,76,similarity,1.0
4,5,similarity,1.0
4,6,similarity,1.0
4,7,similarity,1.0
4,8,similarity,1.0
4,9,similarity,1.0
4,38,similarity,1.0
4,39,similarity,1.0
5,4,similarity,1.0
5,8,similarity,1.0
5,33,similarity,1.0
5,34,similarity,1.0
5,35,similarity,1.0
5,36,similarity,1.0
5,81,similarity,1.0
5,82,similarity,1.0
6,4,similarity,1.0
6,9,similarity,1.0
6,37,similarity,1.0
6,68,similarity,1.0
6,78,similarity,1.0
6,79,similarity,1.0
7,4,similarity,1.0
7,9,similarity,1.0
7,34,similarity,1.0
7,41,similarity,1.0
7,126,similarity,1.0
8,4,similarity,1.0
8,5,similarity,1.0
8,33,similarity,1.0
8,34,similarity,1.0
8,35,similarity,1.0
8,39,similarity,1.0
8,54,similarity,1.0
8,55,similarity,1.0
8,126,similarity,1.0
9,4,similarity,1.0
9,6,similarity,1.0
9,7,similarity,1.0
9,66,similarity,1.0
9,67,similarity,1.0
9,68,similarity,1.0
9,78,similarity,1.0
10,11,similarity,1.0
10,12,similarity,1.0
10,13,similarity,1.0
10,14,similarity,1.0
10,15,similarity,1.0
10,16,similarity,1.0
11,10,similarity,1.0
11,16,similarity,1.0
11,19,similarity,1.0
11,44,similarity,1.0
11,45,similarity,1.0
11,46,similarity,1.0
11,47,similarity,1.0
11,106,similarity,1.0
12,10,similarity,1.0
12,13,similarity,1.0
12,16,similarity,1.0
12,17,similarity,1.0
13,10,similarity,1.0
13,12,similarity,1.0
13,16,similarity,1.0
14,10,similarity,1.0
14,15,similarity,1.0
15,10,similarity,1.0
15,14,similarity,1.0
15,46,similarity,1.0
16,10,similarity,1.0
16,11,similarity,1.0
16,12,similarity,1.0
16,13,similarity,1.0
16,19,similarity,1.0
16,44,similarity,1.0
16,45,similarity,1.0
16,46,similarity,1.0
17,12,similarity,1.0
17,113,similarity,1.0
18,19,similarity,1.0
18,20,similarity,1.0
18,21,similarity,1.0
18,22,similarity,1.0
18,23,similarity,1.0
18,24,similarity,1.0
18,25,similarity,1.0
18,88,similarity,1.0
19,11,similarity,1.0
19,16,similarity,1.0
19,18,similarity,1.0
19,20,similarity,1.0
19,44,similarity,1.0
19,45,similarity,1.0
19,88,similarity,1.0
19,89,similarity,1.0
20,18,similarity,1.0
20,19,similarity,1.0
20,22,similarity,1.0
20,24,similarity,1.0
20,44,similarity,1.0
20,88,similarity,1.0
21,18,similarity,1.0
21,23,similarity,1.0
21,25,similarity,1.0
21,51,similarity,1.0
21,53,similarity,1.0
21,60,similarity,1.0
21,71,similarity,1.0
21,101,similarity,1.0
21,104,similarity,1.0
22,18,similarity,1.0
22,20,similarity,1.0
22,23,similarity,1.0
22,24,similarity,1.0
22,25,similarity,1.0
22,88,similarity,1.0
23,18,similarity,1.0
23,21,similarity,1.0
23,22,similarity,1.0
23,24,similarity,1.0
23,25,similarity,1.0
23,60,similarity,1.0
23,64,similarity,1.0
23,65,similarity,1.0
24,18,similarity,1.0
24,20,similarity,1.0
24,22,similarity,1.0
24,23,similarity,1.0
24,25,similarity,1.0
25,18,similarity,1.0
25,21,similarity,1.0
25,22,similarity,1.0
25,23,similarity,1.0
25,24,similarity,1.0
25,60,similarity,1.0
25,64,similarity,1.0
25,65,similarity,1.0
25,66,similarity,1.0
25,67,similarity,1.0
25,71,similarity,1.0
25,104,similarity,1.0
26,27,similarity,1.0
26,28,similarity,1.0
26,59,similarity,1.0
26,73,similarity,1.0
26,74,similarity,1.0
27,26,similarity,1.0
27,28,similarity,1.0
27,29,similarity,1.0
27,30,similarity,1.0
28,26,similarity,1.0
28,27,similarity,1.0
28,29,similarity,1.0
28,73,similarity,1.0
29,27,similarity,1.0
29,28,similarity,1.0
29,30,similarity,1.0
29,32,similarity,1.0
30,27,similarity,1.0
30,29,similarity,1.0
30,32,similarity,1.0
30,86,similarity,1.0
31,32,similarity,1.0
31,86,similarity,1.0
31,87,similarity,1.0
31,144,similarity,1.0
32,29,similarity,1.0
32,30,similarity,1.0
32,31,similarity,1.0
32,86,similarity,1.0
33,5,similarity,1.0
33,8,similarity,1.0
33,34,similarity,1.0
33,35,similarity,1.0
33,40,similarity,1.0
34,5,similarity,1.0
34,7,similarity,1.0
34,8,similarity,1.0
34,33,similarity,1.0
34,35,similarity,1.0
34,36,similarity,1.0
34,40,similarity,1.0
34,41,similarity,1.0
34,82,similarity,1.0
34,126,similarity,1.0
35,5,similarity,1.0
35,8,similarity,1.0
35,33,similarity,1.0
35,34,similarity,1.0
36,5,similarity,1.0
36,34,similarity,1.0
36,81,similarity,1.0
36,82,similarity,1.0
37,6,similarity,1.0
37,38,similarity,1.0
37,79,similarity,1.0
38,4,similarity,1.0
38,37,similarity,1.0
38,39,similarity,1.0
39,4,similarity,1.0
39,8,similarity,1.0
39,38,similarity,1.0
39,54,similarity,1.0
40,33,similarity,1.0
40,34,similarity,1.0
40,41,similarity,1.0
40,42,similarity,1.0
40,126,similarity,1.0
41,7,similarity,1.0
41,34,similarity,1.0
41,40,similarity,1.0
41,42,similarity,1.0
41,43,similarity,1.0
41,98,similarity,1.0
41,99,similarity,1.0
41,126,similarity,1.0
42,40,similarity,1.0
42,41,similarity,1.0
42,43,similarity,1.0
42,98,similarity,1.0
42,99,similarity,1.0
43,41,similarity,1.0
43,42,similarity,1.0
43,98,similarity,1.0
43,99,similarity,1.0
43,138,similarity,1.0
43,139,similarity,1.0
43,140,similarity,1.0
44,11,similarity,1.0
44,16,similarity,1.0
44,19,similarity,1.0
44,20,similarity,1.0
44,45,similarity,1.0
44,46,similarity,1.0
44,47,similarity,1.0
44,88,similarity,1.0
45,11,similarity,1.0
45,16,similarity,1.0
45,19,similarity,1.0
45,44,similarity,1.0
45,46,similarity,1.0
45,88,similarity,1.0
46,11,similarity,1.0
46,15,similarity,1.0
46,16,similarity,1.0
46,44,similarity,1.0
46,45,similarity,1.0
46,47,similarity,1.0
47,11,similarity,1.0
47,44,similarity,1.0
47,46,similarity,1.0
47,58,similarity,1.0
47,133,similarity,1.0
48,49,similarity,1.0
48,50,similarity,1.0
48,63,similarity,1.0
48,107,similarity,1.0
48,108,similarity,1.0
48,125,similarity,1.0
48,131,similarity,1.0
48,134,similarity,1.0
48,143,similarity,1.0
49,48,similarity,1.0
49,50,similarity,1.0
49,51,similarity,1.0
49,52,similarity,1.0
49,53,similarity,1.0
49,63,similarity,1.0
50,48,similarity,1.0
50,49,similarity,1.0
50,51,similarity,1.0
50,129,similarity,1.0
50,134,similarity,1.0
51,21,similarity,1.0
51,49,similarity,1.0
51,50,similarity,1.0
51,53,similarity,1.0
51,101,similarity,1.0
51,129,similarity,1.0
51,130,similarity,1.0
52,49,similarity,1.0
52,53,similarity,1.0
52,62,similarity,1.0
52,63,similarity,1.0
53,21,similarity,1.0
53,49,similarity,1.0
53,51,similarity,1.0
53,52,similarity,1.0
53,62,similarity,1.0
53,71,similarity,1.0
54,8,similarity,1.0
54,39,similarity,1.0
54,55,similarity,1.0
54,56,similarity,1.0
54,57,similarity,1.0
55,8,similarity,1.0
55,54,similarity,1.0
55,56,similarity,1.0
55,57,similarity,1.0
56,54,similarity,1.0
56,55,similarity,1.0
56,57,similarity,1.0
56,132,similarity,1.0
56,146,similarity,1.0
56,147,similarity,1.0
57,54,similarity,1.0
57,55,similarity,1.0
57,56,similarity,1.0
58,47,similarity,1.0
58,59,similarity,1.0
58,129,similarity,1.0
58,133,similarity,1.0
58,134,similarity,1.0
59,26,similarity,1.0
59,58,similarity,1.0
59,60,similarity,1.0
59,61,similarity,1.0
59,72,similarity,1.0
59,73,similarity,1.0
59,74,similarity,1.0
60,21,similarity,1.0
60,23,similarity,1.0
60,25,similarity,1.0
60,59,similarity,1.0
60,64,similarity,1.0
60,65,similarity,1.0
60,104,similarity,1.0
61,59,similarity,1.0
61,72,similarity,1.0
61,101,similarity,1.0
61,102,similarity,1.0
61,103,similarity,1.0
61,104,similarity,1.0
62,52,similarity,1.0
62,53,similarity,1.0
62,63,similarity,1.0
62,70,similarity,1.0
62,71,similarity,1.0
62,81,similarity,1.0
62,83,similarity,1.0
63,48,similarity,1.0
63,49,similarity,1.0
63,52,similarity,1.0
63,62,similarity,1.0
63,107,similarity,1.0
63,108,similarity,1.0
63,109,similarity,1.0
63,110,similarity,1.0
63,136,similarity,1.0
64,23,similarity,1.0
64,25,similarity,1.0
64,60,similarity,1.0
64,65,similarity,1.0
64,66,similarity,1.0
64,67,similarity,1.0
65,23,similarity,1.0
65,25,similarity,1.0
65,60,similarity,1.0
65,64,similarity,1.0
65,104,similarity,1.0
66,9,similarity,1.0
66,25,similarity,1.0
66,64,similarity,1.0
66,67,similarity,1.0
66,68,similarity,1.0
66,71,similarity,1.0
66,104,similarity,1.0
67,9,similarity,1.0
67,25,similarity,1.0
67,64,similarity,1.0
67,66,similarity,1.0
67,68,similarity,1.0
67,78,similarity,1.0
68,6,similarity,1.0
68,9,similarity,1.0
68,66,similarity,1.0
68,67,similarity,1.0
68,69,similarity,1.0
68,70,similarity,1.0
68,71,similarity,1.0
68,78,similarity,1.0
69,68,similarity,1.0
69,70,similarity,1.0
69,78,similarity,1.0
69,79,similarity,1.0
69,80,similarity,1.0
70,62,similarity,1.0
70,68,similarity,1.0
70,69,similarity,1.0
70,71,similarity,1.0
70,80,similarity,1.0
70,81,similarity,1.0
70,83,similarity,1.0
71,21,similarity,1.0
71,25,similarity,1.0
71,53,similarity,1.0
71,62,similarity,1.0
71,66,similarity,1.0
71,68,similarity,1.0
71,70,similarity,1.0
71,104,similarity,1.0
72,59,similarity,1.0
72,61,similarity,1.0
72,73,similarity,1.0
72,74,similarity,1.0
72,103,similarity,1.0
73,26,similarity,1.0
73,28,similarity,1.0
73,59,similarity,1.0
73,72,similarity,1.0
73,74,similarity,1.0
74,26,similarity,1.0
74,59,similarity,1.0
74,72,similarity,1.0
74,73,similarity,1.0
75,0,similarity,1.0
75,3,similarity,1.0
75,76,similarity,1.0
75,77,similarity,1.0
75,97,similarity,1.0
76,0,similarity,1.0
76,2,similarity,1.0
76,3,similarity,1.0
76,75,similarity,1.0
76,97,similarity,1.0
76,116,similarity,1.0
76,117,similarity,1.0
77,75,similarity,1.0
77,95,similarity,1.0
77,96,similarity,1.0
77,97,similarity,1.0
77,100,similarity,1.0
78,6,similarity,1.0
78,9,similarity,1.0
78,67,similarity,1.0
78,68,similarity,1.0
78,69,similarity,1.0
78,79,similarity,1.0
79,6,similarity,1.0
79,37,similarity,1.0
79,69,similarity,1.0
79,78,similarity,1.0
80,69,similarity,1.0
80,70,similarity,1.0
80,81,similarity,1.0
80,83,similarity,1.0
81,5,similarity,1.0
81,36,similarity,1.0
81,62,similarity,1.0
81,70,similarity,1.0
81,80,similarity,1.0
81,82,similarity,1.0
81,83,similarity,1.0
82,5,similarity,1.0
82,34,similarity,1.0
82,36,similarity,1.0
82,81,similarity,1.0
83,62,similarity,1.0
83,70,similarity,1.0
83,80,similarity,1.0
83,81,similarity,1.0
84,2,similarity,1.0
84,85,similarity,1.0
84,112,similarity,1.0
84,113,similarity,1.0
85,84,similarity,1.0
85,112,similarity,1.0
86,30,similarity,1.0
86,31,similarity,1.0
86,32,similarity,1.0
86,87,similarity,1.0
87,31,similarity,1.0
87,86,similarity,1.0
87,144,similarity,1.0
87,145,similarity,1.0
88,18,similarity,1.0
88,19,similarity,1.0
88,20,similarity,1.0
88,22,similarity,1.0
88,44,similarity,1.0
88,45,similarity,1.0
89,19,similarity,1.0
89,90,similarity,1.0
89,91,similarity,1.0
89,92,similarity,1.0
89,93,similarity,1.0
89,127,similarity,1.0
89,128,similarity,1.0
90,89,similarity,1.0
90,91,similarity,1.0
90,92,similarity,1.0
90,93,similarity,1.0
90,94,similarity,1.0
90,128,similarity,1.0
91,89,similarity,1.0
91,90,similarity,1.0
91,127,similarity,1.0
91,128,similarity,1.0
91,141,similarity,1.0
91,142,similarity,1.0
92,89,similarity,1.0
92,90,similarity,1.0
92,93,similarity,1.0
92,94,similarity,1.0
93,89,similarity,1.0
93,90,similarity,1.0
93,92,similarity,1.0
93,94,similarity,1.0
93,128,similarity,1.0
94,90,similarity,1.0
94,92,similarity,1.0
94,93,similarity,1.0
94,105,similarity,1.0
94,106,similarity,1.0
95,77,similarity,1.0
95,96,similarity,1.0
95,132,similarity,1.0
95,146,similarity,1.0
96,77,similarity,1.0
96,95,similarity,1.0
96,100,similarity,1.0
96,132,similarity,1.0
96,146,similarity,1.0
97,75,similarity,1.0
97,76,similarity,1.0
97,77,similarity,1.0
97,100,similarity,1.0
97,117,similarity,1.0
98,41,similarity,1.0
98,42,similarity,1.0
98,43,similarity,1.0
98,99,similarity,1.0
98,138,similarity,1.0
98,139,similarity,1.0
98,140,similarity,1.0
99,41,similarity,1.0
99,42,similarity,1.0
99,43,similarity,1.0
99,98,similarity,1.0
99,138,similarity,1.0
100,77,similarity,1.0
100,96,similarity,1.0
100,97,similarity,1.0
101,21,similarity,1.0
101,51,similarity,1.0
101,61,similarity,1.0
101,102,similarity,1.0
101,104,similarity,1.0
101,130,similarity,1.0
102,61,similarity,1.0
102,101,similarity,1.0
102,103,similarity,1.0
102,114,similarity,1.0
103,61,similarity,1.0
103,72,similarity,1.0
103,102,similarity,1.0
104,21,similarity,1.0
104,25,similarity,1.0
104,60,similarity,1.0
104,61,similarity,1.0
104,65,similarity,1.0
104,66,similarity,1.0
104,71,similarity,1.0
104,101,similarity,1.0
105,94,similarity,1.0
105,106,similarity,1.0
105,123,similarity,1.0
106,11,similarity,1.0
106,94,similarity,1.0
106,105,similarity,1.0
106,123,similarity,1.0
106,124,similarity,1.0
106,125,similarity,1.0
107,48,similarity,1.0
107,63,similarity,1.0
107,108,similarity,1.0
107,109,similarity,1.0
107,110,similarity,1.0
107,111,similarity,1.0
107,115,similarity,1.0
108,48,similarity,1.0
108,63,similarity,1.0
108,107,similarity,1.0
108,109,similarity,1.0
108,111,similarity,1.0
108,131,similarity,1.0
109,63,similarity,1.0
109,107,similarity,1.0
109,108,similarity,1.0
109,110,similarity,1.0
109,111,similarity,1.0
109,136,similarity,1.0
110,63,similarity,1.0
110,107,similarity,1.0
110,109,similarity,1.0
110,111,similarity,1.0
110,135,similarity,1.0
110,136,similarity,1.0
110,137,similarity,1.0
110,139,similarity,1.0
110,140,similarity,1.0
111,107,similarity,1.0
111,108,similarity,1.0
111,109,similarity,1.0
111,110,similarity,1.0
111,115,similarity,1.0
111,136,similarity,1.0
112,1,similarity,1.0
112,2,similarity,1.0
112,84,similarity,1.0
112,85,similarity,1.0
113,1,similarity,1.0
113,2,similarity,1.0
113,17,similarity,1.0
113,84,similarity,1.0
114,102,similarity,1.0
114,115,similarity,1.0
115,107,similarity,1.0
115,111,similarity,1.0
115,114,similarity,1.0
116,76,similarity,1.0
116,117,similarity,1.0
116,118,similarity,1.0
116,119,similarity,1.0
116,120,similarity,1.0
117,76,similarity,1.0
117,97,similarity,1.0
117,116,similarity,1.0
117,118,similarity,1.0
117,119,similarity,1.0
118,116,similarity,1.0
118,117,similarity,1.0
118,119,similarity,1.0
118,120,similarity,1.0
118,121,similarity,1.0
119,116,similarity,1.0
119,117,similarity,1.0
119,118,similarity,1.0
119,120,similarity,1.0
119,121,similarity,1.0
119,122,similarity,1.0
120,116,similarity,1.0
120,118,similarity,1.0
120,119,similarity,1.0
120,121,similarity,1.0
120,122,similarity,1.0
120,141,similarity,1.0
121,118,similarity,1.0
121,119,similarity,1.0
121,120,similarity,1.0
121,122,similarity,1.0
121,141,similarity,1.0
121,142,similarity,1.0
122,119,similarity,1.0
122,120,similarity,1.0
122,121,similarity,1.0
122,127,similarity,1.0
122,141,similarity,1.0
122,142,similarity,1.0
123,105,similarity,1.0
123,106,similarity,1.0
123,124,similarity,1.0
123,125,similarity,1.0
124,106,similarity,1.0
124,123,similarity,1.0
124,125,similarity,1.0
125,48,similarity,1.0
125,106,similarity,1.0
125,123,similarity,1.0
125,124,similarity,1.0
125,131,similarity,1.0
125,134,similarity,1.0
125,143,similarity,1.0
126,7,similarity,1.0
126,8,similarity,1.0
126,34,similarity,1.0
126,40,similarity,1.0
126,41,similarity,1.0
127,89,similarity,1.0
127,91,similarity,1.0
127,122,similarity,1.0
127,128,similarity,1.0
127,141,similarity,1.0
127,142,similarity,1.0
128,89,similarity,1.0
128,90,similarity,1.0
128,91,similarity,1.0
128,93,similarity,1.0
128,127,similarity,1.0
128,142,similarity,1.0
129,50,similarity,1.0
129,51,similarity,1.0
129,58,similarity,1.0
129,130,similarity,1.0
129,134,similarity,1.0
130,51,similarity,1.0
130,101,similarity,1.0
130,129,similarity,1.0
131,48,similarity,1.0
131,108,similarity,1.0
131,125,similarity,1.0
131,143,similarity,1.0
132,56,similarity,1.0
132,95,similarity,1.0
132,96,similarity,1.0
132,146,similarity,1.0
133,47,similarity,1.0
133,58,similarity,1.0
134,48,similarity,1.0
134,50,similarity,1.0
134,58,similarity,1.0
134,125,similarity,1.0
134,129,similarity,1.0
134,143,similarity,1.0
135,110,similarity,1.0
135,137,similarity,1.0
135,139,similarity,1.0
135,140,similarity,1.0
136,63,similarity,1.0
136,109,similarity,1.0
136,110,similarity,1.0
136,111,similarity,1.0
136,137,similarity,1.0
136,140,similarity,1.0
137,110,similarity,1.0
137,135,similarity,1.0
137,136,similarity,1.0
137,138,similarity,1.0
137,139,similarity,1.0
137,140,similarity,1.0
138,43,similarity,1.0
138,98,similarity,1.0
138,99,similarity,1.0
138,137,similarity,1.0
138,139,similarity,1.0
138,140,similarity,1.0
139,43,similarity,1.0
139,98,similarity,1.0
139,110,similarity,1.0
139,135,similarity,1.0
139,137,similarity,1.0
139,138,similarity,1.0
139,140,similarity,1.0
140,43,similarity,1.0
140,98,similarity,1.0
140,110,similarity,1.0
140,135,similarity,1.0
140,136,similarity,1.0
140,137,similarity,1.0
140,138,similarity,1.0
140,139,similarity,1.0
141,91,similarity,1.0
141,120,similarity,1.0
141,121,similarity,1.0
141,122,similarity,1.0
141,127,similarity,1.0
141,142,similarity,1.0
142,91,similarity,1.0
142,121,similarity,1.0
142,122,similarity,1.0
142,127,similarity,1.0
142,128,similarity,1.0
142,141,similarity,1.0
143,48,similarity,1.0
143,125,similarity,1.0
143,131,similarity,1.0
143,134,similarity,1.0
144,31,similarity,1.0
144,87,similarity,1.0
144,145,similarity,1.0
144,148,similarity,1.0
144,149,similarity,1.0
145,87,similarity,1.0
145,144,similarity,1.0
145,149,similarity,1.0
146,56,similarity,1.0
146,95,similarity,1.0
146,96,similarity,1.0
146,132,similarity,1.0
146,147,similarity,1.0
147,56,similarity,1.0
147,146,similarity,1.0
147,150,similarity,1.0
148,144,similarity,1.0
148,149,similarity,1.0
149,144,similarity,1.0
149,145,similarity,1.0
149,148,similarity,1.0
150,147,similarity,1.0
